{
  "best_config": {
    "clusters": [
      [
        6
      ],
      [
        22
      ],
      [
        47
      ],
      [
        48
      ],
      [
        57
      ],
      [
        0,
        7,
        9,
        14,
        18,
        19,
        20,
        32,
        33,
        35,
        36,
        63,
        66,
        70,
        72,
        80,
        85,
        86,
        88,
        90
      ],
      [
        2,
        3,
        4,
        5,
        8,
        10,
        11,
        12,
        15,
        16,
        17,
        21,
        23,
        24,
        25,
        26,
        27,
        28,
        29,
        30,
        31,
        34,
        37,
        38,
        39,
        40,
        41,
        42,
        43,
        44,
        45,
        46,
        49,
        50,
        51,
        52,
        53,
        54,
        55,
        56,
        58,
        59,
        60,
        61,
        62,
        64,
        65,
        67,
        68,
        69,
        73,
        74,
        75,
        76,
        77,
        78,
        79,
        81,
        82,
        83,
        84,
        87,
        89
      ],
      [
        1,
        13,
        71
      ]
    ],
    "gap_size": 0.015815995609439693,
    "merge_distance": 0.006171874999999977,
    "gap_percentile": 95,
    "gap_metrics": {
      "p100": {
        "gap_exists": false,
        "gap_size": 0,
        "intra_upper": 0.1660649819494585,
        "inter_lower": 0.003731343283582045
      },
      "p95": {
        "gap_exists": true,
        "gap_size": 0.015815995609439693,
        "intra_upper": 0.0032679738562091387,
        "inter_lower": 0.01908396946564883
      },
      "p90": {
        "gap_exists": true,
        "gap_size": 0.018867924528301883,
        "intra_upper": 0.0031446540880503138,
        "inter_lower": 0.022012578616352196
      }
    }
  },
  "gap_history": [
    {
      "num_clusters": 8,
      "merge_distance": 0.006171874999999977,
      "gap_size": 0.015815995609439693,
      "gap_exists": true
    }
  ],
  "final_gap_metrics": {
    "p100": {
      "gap_exists": false,
      "gap_size": 0,
      "intra_upper": 0.1660649819494585,
      "inter_lower": 0.003731343283582045
    },
    "p95": {
      "gap_exists": true,
      "gap_size": 0.015815995609439693,
      "intra_upper": 0.0032679738562091387,
      "inter_lower": 0.01908396946564883
    },
    "p90": {
      "gap_exists": true,
      "gap_size": 0.018867924528301883,
      "intra_upper": 0.0031446540880503138,
      "inter_lower": 0.022012578616352196
    }
  }
}